index,price,brand,model,year,title_status,mileage,color,vin
0,6300,toyota,cruiser,2008,clean vehicle,274117,black,  jtezu11f88k007763
1,2899,ford,se,2011,clean vehicle,190552,silver,  2fmdk3gc4bbb02217
2,5350,dodge,mpv,2018,clean vehicle,39590,silver,  3c4pdcgg5jt346413
3,25000,ford,door,2014,clean vehicle,64146,blue,  1ftfw1et4efc23745
4,27700,chevrolet,1500,2018,clean vehicle,6654,red,  3gcpcrec2jg473991
5,5700,dodge,mpv,2018,clean vehicle,45561,white,  2c4rdgeg9jr237989
6,7300,chevrolet,pk,2010,clean vehicle,149050,black,  1gcsksea1az121133
7,13350,gmc,door,2017,clean vehicle,23525,gray,  1gks2gkc3hr326762
8,14600,chevrolet,malibu,2018,clean vehicle,9371,silver,  1g1zd5st5jf191860
9,5250,ford,mpv,2017,clean vehicle,63418,black,  2fmpk3j92hbc12542
10,10400,dodge,coupe,2009,clean vehicle,107856,orange,  2b3lj54t49h509675
11,12920,gmc,mpv,2017,clean vehicle,39650,white,  1gks2bkc6hr136280
12,31900,chevrolet,1500,2018,clean vehicle,22909,black,  3gcukrec0jg176059
13,5430,chrysler,wagon,2017,clean vehicle,138650,gray,  2c4rc1cg5hr616095
14,20700,ford,door,2013,clean vehicle,100757,black,  1ftfw1et7dfa47790
15,12710,gmc,door,2017,clean vehicle,25747,white,  1gks2gkc6hr328389
16,5200,kia,forte,2018,clean vehicle,46194,blue,  3kpfk4a77je198723
17,16500,buick,encore,2018,clean vehicle,20002,red,  kl4cj1sb6jb688844
18,5210,ford,mpv,2017,clean vehicle,35714,white,  2fmpk3j95hbb73607
19,38100,ford,door,2013,clean vehicle,54380,gray,  1ft8w3dt5deb68569
20,12520,gmc,door,2017,clean vehicle,30114,white,  1gks2gkcxhr328380
21,7300,kia,forte,2018,clean vehicle,38823,black,  3kpfl4a79je272611
22,15000,chevrolet,door,2015,clean vehicle,61578,black,  2gnflhe33f6214023
23,6180,ford,mpv,2017,clean vehicle,46010,blue,  2fmpk3j84hbc09276
24,20800,ford,door,2013,clean vehicle,105510,silver,  1ftfw1efxdfa01008
25,11900,gmc,door,2017,clean vehicle,28040,silver,  1gks2gkc2hr327918
26,21500,kia,sorento,2020,clean vehicle,11451,blue,  5xypg4a59lg616029
27,12000,buick,door,2014,clean vehicle,31039,brown,  1g4ps5sk1e4188639
28,4190,ford,doors,2017,clean vehicle,44174,white,  1fadp5auxhl109013
29,13000,ford,chassis,2008,clean vehicle,93698,white,  1fdwf37r28eb95687
30,12710,gmc,door,2017,clean vehicle,26364,silver,  1gks2gkc6hr326335
31,18500,infiniti,q70,2016,clean vehicle,71967,gray,  jn1by1ar7gm271292
32,29800,chevrolet,camaro,1973,clean vehicle,46226,red,  1q87t3n166389
33,5330,ford,mpv,2017,clean vehicle,37792,no_color,  2fmpk3j9xhbb56401
34,13000,ford,convertible,2003,clean vehicle,58817,gray,  1fahp60a63y107799
35,11900,gmc,door,2017,clean vehicle,27965,black,  1gks2gkc2hr328793
36,16600,mercedes-benz,vans,2016,clean vehicle,110907,white,  8btpe7dd4ge127040
37,19200,chevrolet,1500,2018,clean vehicle,2430,white,  1gcncneh5jz302471
38,7320,ford,mpv,2017,clean vehicle,32366,gold,  2fmpk4k96hbb16692
39,7000,ford,pk,2003,clean vehicle,176567,white,  1ftnx20p73ed69682
40,12710,gmc,door,2017,clean vehicle,30049,white,  1gks2gkc6hr325461
41,16600,mercedes-benz,vans,2016,clean vehicle,97983,white,  wd4pe7dd1gp253504
42,30500,chevrolet,1500,2018,clean vehicle,30442,red,  3gcukrec4jg204915
43,6330,ford,mpv,2017,clean vehicle,38123,red,  2fmpk3j85hbb79415
44,55000,ford,srw,2017,clean vehicle,15273,black,  1ft7w3bt5hee88155
45,12520,gmc,door,2017,clean vehicle,28972,black,  1gks2gkcxhr324555
46,16200,jeep,compass,2019,clean vehicle,30061,red,  3c4njccb3kt676336
47,19000,chevrolet,malibu,2017,clean vehicle,18414,white,  1g1zh5sx9hf118136
48,5580,dodge,mpv,2017,clean vehicle,46829,gray,  3c4pddeg7ht595704
49,54000,ford,srw,2017,clean vehicle,26241,black,  1ft7w3bt0hef02785
50,12710,gmc,mpv,2017,clean vehicle,39886,red,  1gks2bkc7hr133811
51,16000,jeep,compass,2019,clean vehicle,31594,silver,  3c4njccb0kt676343
52,27000,buick,enclave,2017,clean vehicle,32107,no_color,  5gakrckdxhj113512
53,7760,ford,mpv,2017,clean vehicle,44794,gray,  2fmpk4j87hbb21750
54,19600,chrysler,300,2019,clean vehicle,42648,gray,  2c3ccabgxkh559658
55,12920,gmc,mpv,2017,clean vehicle,39165,silver,  1gks2bkc6hr134450
56,20000,jeep,cherokee,2019,clean vehicle,38355,charcoal,  1c4pjmbx6kd298806
57,18100,buick,door,2017,clean vehicle,46766,silver,  1g4zp5ss8hu149142
58,23000,chrysler,pacifica,2020,clean vehicle,2473,white,  2c4rc1fg5lr143335
59,18500,chrysler,300,2019,clean vehicle,38586,gray,  2c3ccaeg5kh585628
60,13490,gmc,door,2017,clean vehicle,27842,white,  1gks2gkc0hr323625
61,20700,jeep,cherokee,2019,clean vehicle,31156,white,  1c4pjmbx2kd360704
62,17800,chevrolet,door,2017,clean vehicle,52435,black,  1g1fb1rsxh0185712
63,6650,ford,door,2017,clean vehicle,29942,black,  1fmcu0gd8huc93883
64,29100,chrysler,pacifica,2019,clean vehicle,25281,red,  2c4rc1gg3kr730663
65,12710,gmc,door,2017,clean vehicle,32504,silver,  1gks2gkc6hr327937
66,21100,jeep,cherokee,2019,clean vehicle,28649,silver,  1c4pjmbx6kd298174
67,18600,chevrolet,door,2017,clean vehicle,35200,white,  1g1fb1rsxh0104806
68,4340,ford,door,2017,clean vehicle,25602,silver,  1fmcu0gd7huc86259
69,19300,chrysler,300,2019,clean vehicle,34801,gray,  2c3ccakg4kh594972
70,12780,gmc,door,2017,clean vehicle,31009,black,  1gks2gkc7hr321306
71,15800,jeep,compass,2019,clean vehicle,35595,charcoal,  3c4njccb4kt662767
72,29400,bmw,x3,2017,clean vehicle,23765,black,  5uxwx7c3xh0u44145
73,4430,ford,door,2017,clean vehicle,31792,black,  1fmcu0gd9huc37922
74,19400,chrysler,300,2019,clean vehicle,33135,gray,  2c3ccakg6kh578112
75,12520,gmc,door,2017,clean vehicle,30636,red,  1gks2gkcxhr323969
76,15900,jeep,compass,2019,clean vehicle,34502,red,  3c4njccb7kt660088
77,26400,buick,door,2017,clean vehicle,25434,white,  5gakvckd2hj308564
78,4140,ford,door,2017,clean vehicle,36732,black,  1fmcu0gd5hud08310
79,18300,chrysler,300,2019,clean vehicle,41792,gray,  2c3ccaeg0kh555632
80,12520,gmc,door,2017,clean vehicle,31992,black,  1gks2gkcxhr328718
81,17900,jeep,compass,2019,clean vehicle,32501,red,  3c4njddb7kt682015
82,18300,chevrolet,camaro,2017,clean vehicle,28395,black,  1g1fb3dx5h0143964
83,4640,ford,door,2017,clean vehicle,36139,blue,  1fmcu0g95huc13712
84,24000,ford,door,2016,clean vehicle,84413,black,  1ftfw1ef1gfb13670
85,13200,gmc,door,2017,clean vehicle,33457,white,  1gks2gkc5hr326410
86,18000,jeep,compass,2019,clean vehicle,29245,gray,  3c4njddb0kt686052
87,14900,chevrolet,equinox,2017,clean vehicle,12783,silver,  2gnalcek7h1548351
88,4140,ford,door,2017,clean vehicle,17617,white,  1fmcu0gd5huc78080
89,11500,ford,door,2016,clean vehicle,36855,black,  1fmcu9gx9gua57286
90,9110,ford,door,2017,clean vehicle,110316,white,  1ftfw1ef5hkc50264
91,7350,chrysler,door,2015,clean vehicle,88227,black,  1c3cccab7fn613884
92,24500,bmw,door,2017,clean vehicle,17626,gray,  wba4f9c51hg439932
93,9300,ford,door,2017,clean vehicle,120353,white,  1ftfw1ef4hkc50286
94,39800,dodge,challenger,2015,clean vehicle,3641,white,  2c3cdzc95fh757310
95,53500,bmw,m,2017,clean vehicle,29355,blue,  5ymkt6c37h0x20696
96,15110,ford,door,2017,clean vehicle,39333,black,  1ft7w2bt7hec41164
97,34000,ford,door,2015,clean vehicle,42930,white,  1ft8w3b61fec52078
98,26502,chevrolet,colorado,2017,clean vehicle,24993,black,  1gcgtcen4h1158648
99,5990,ford,mpv,2017,clean vehicle,44929,black,  1fm5k7b86hga87008
100,13600,ford,focus,2018,clean vehicle,16971,black,  1fadp3m26jl307477
101,23605,cadillac,door,2017,clean vehicle,35598,gray,  1gyknbrsxhz114969
102,10780,ford,mpv,2017,clean vehicle,40455,white,  1fm5k8ht0hga07252
103,13800,ford,focus,2018,clean vehicle,23164,white,  1fadp3j2xjl279400
104,25201,cadillac,door,2017,clean vehicle,19011,no_color,  1gyknbrs8hz257399
105,7070,ford,mpv,2017,clean vehicle,45191,white,  1fm5k7d82hgb39148
106,8700,ford,focus,2018,clean vehicle,21405,white,  1fadp3k23jl219764
107,18003,chevrolet,malibu,2017,clean vehicle,19117,no_color,  1g1zh5sx7hf141060
108,8530,ford,door,2017,clean vehicle,42104,black,  1fm5k7f80hga03159
109,23100,dodge,durango,2018,clean vehicle,49496,white,  1c4rdjdg2jc329601
110,24500,cadillac,door,2017,clean vehicle,32418,white,  1gykndrs1hz125239
111,7000,ford,mpv,2017,clean vehicle,29882,white,  1fm5k7d84hgc31359
112,17000,ford,escape,2018,clean vehicle,34819,gold,  1fmcu9hd6juc54783
113,34002,chevrolet,1500,2017,clean vehicle,31923,white,  3gcuktej3hg475034
114,6980,ford,mpv,2017,clean vehicle,29168,gray,  1fm5k7d8xhga68751
115,25000,dodge,charger,2018,clean vehicle,28307,silver,  2c3cdxjg6jh224431
116,20802,chevrolet,colorado,2017,clean vehicle,33791,turquoise,  1gcgtben3h1180134
117,9200,ford,door,2017,clean vehicle,21770,black,  1ftew1ep8hfa10123
118,26500,chrysler,pacifica,2017,clean vehicle,18375,gray,  2c4rc1eg2hr669530
119,24802,chevrolet,colorado,2017,clean vehicle,14158,gray,  1gcgtcen9h1202076
120,7070,ford,mpv,2017,clean vehicle,30318,black,  1fm5k7d82hgb21314
121,28500,ford,door,2017,clean vehicle,48086,red,  1ftew1ep2hkd15978
122,47500,cadillac,door,2017,clean vehicle,26562,black,  1gys4ckj7hr359884
123,23500,ford,explorer,2017,clean vehicle,57611,black,  1fm5k8f80hgc67231
124,23505,chevrolet,colorado,2017,clean vehicle,47357,black,  1gcptce16h1176629
125,10940,ford,door,2017,clean vehicle,84916,white,  1ftew1ef1hke25038
126,32100,ford,f-150,2017,clean vehicle,24521,gray,  1ftfw1eg1hfb38806
127,53000,chevrolet,3500,2018,clean vehicle,16105,black,  1gc4k1ey0jf149152
128,6830,ford,mpv,2017,clean vehicle,35888,gold,  1fm5k7dh9hgb05630
129,11900,dodge,caravan,2017,clean vehicle,59537,gray,  2c4rdgcg3hr864989
130,26414,chevrolet,1500,2017,clean vehicle,55222,black,  3gcukrec3hg429109
131,4160,dodge,mpv,2018,clean vehicle,32870,gray,  3c4pdcab8jt166940
132,19405,chevrolet,door,2017,clean vehicle,39687,silver,  1gnkvgkd0hj145877
133,5690,dodge,mpv,2018,clean vehicle,47085,silver,  2c4rdgeg8jr337145
134,25900,chrysler,van,2017,clean vehicle,32224,silver,  2c4rc1gg4hr635019
135,24005,chevrolet,1500,2017,clean vehicle,51293,beige,  1gcukrecxhf153500
136,5090,dodge,mpv,2018,clean vehicle,42989,gray,  2c4rdgcg2jr218218
137,19500,chrysler,300,2017,clean vehicle,31311,gray,  2c3ccabg5hh538726
138,32012,chevrolet,1500,2017,clean vehicle,46091,white,  3gcuksej6hg353147
139,6800,dodge,dart,2016,clean vehicle,49033,black,  1c3cdffh0gd823262
140,4260,dodge,mpv,2018,clean vehicle,33957,gray,  3c4pdcabxjt311007
141,0,dodge,van,2008,salvage insurance,177948,orange,  2d8hn44h88r669549
142,31802,chevrolet,2500,2017,clean vehicle,19845,silver,  1gc1kveg3hf189737
143,7210,dodge,doors,2018,clean vehicle,38910,black,  2c3cdxct1jh233225
144,0,dodge,door,2014,salvage insurance,123660,silver,  1c3cdzab0en111068
145,28402,chevrolet,1500,2017,clean vehicle,31234,black,  3gcukrec4hg196549
146,6800,dodge,doors,2018,clean vehicle,36767,gray,  2c3cdxhgxjh125388
147,33300,cadillac,esv,2015,clean vehicle,57932,gray,  1gys4tkj0fr538846
148,10780,dodge,mpv,2018,clean vehicle,19420,white,  1c4sdjct1jc174166
149,6700,ford,cutaway,2014,clean vehicle,204155,beige,  1fdfe4fs7eda23699
150,20000,chevrolet,1500,2016,clean vehicle,93493,white,  3gcuknec9gg342967
151,6440,chrysler,doors,2018,clean vehicle,20942,gray,  2c3ccakg8jh168457
152,19900,ford,door,2016,clean vehicle,86826,gray,  1fm5k8f8xggc51519
153,37000,chevrolet,door,2015,clean vehicle,45787,white,  1gc1kwegxff145382
154,4040,dodge,mpv,2018,clean vehicle,50765,red,  3c4pdcab6jt273002
155,22300,ford,explorer,2016,clean vehicle,62774,black,  1fm5k8fh9ggc37790
156,31200,chevrolet,door,2011,clean vehicle,76326,gray,  1gc1kxc86bf208814
157,4290,dodge,mpv,2018,clean vehicle,39029,white,  3c4pdcab0jt474412
158,22800,ford,el,2016,clean vehicle,72885,silver,  1fmjk1ht3gef52975
159,19002,cadillac,door,2016,clean vehicle,46467,white,  1g6ah1rx1g0193887
160,4160,dodge,mpv,2018,clean vehicle,6743,gray,  3c4pdcab8jt384019
161,18500,ford,edge,2016,clean vehicle,33514,white,  2fmpk3j98gbb59781
162,39000,bmw,series,2016,clean vehicle,39917,blue,  wba7f2c57gg421020
163,6060,dodge,doors,2018,clean vehicle,32504,black,  3c4pddgg1jt523058
164,28800,ford,door,2016,clean vehicle,77638,white,  1ftew1ep1gfc64335
165,40000,bmw,series,2016,clean vehicle,31727,gray,  wba7f2c55gg415264
166,6140,dodge,doors,2018,clean vehicle,52966,silver,  2c3cdxbg0jh187083
167,21000,ford,flex,2016,clean vehicle,24157,gray,  2fmhk6c89gba05297
168,20105,buick,door,2016,clean vehicle,51393,beige,  5gakvbkd8gj196085
169,6760,dodge,doors,2018,clean vehicle,35461,white,  2c3cdzag7jh321665
170,25800,ford,door,2014,clean vehicle,47055,brown,  1ft7x2b62eea29551
171,39000,bmw,series,2016,clean vehicle,33110,black,  wba7f2c57gg419607
172,5470,dodge,mpv,2018,clean vehicle,39721,black,  3c4pdcgg9jt216280
173,14600,ford,door,2014,clean vehicle,75785,black,  1fm5k8f81egb23411
174,24502,chevrolet,1500,2016,clean vehicle,33624,black,  3gcuknec6gg150809
175,15110,ford,door,2017,clean vehicle,42289,white,  1ft7w2bt7hec67263
176,7900,ford,door,2014,clean vehicle,79422,white,  1fmcu0g9xeud52262
177,27305,chevrolet,door,2016,clean vehicle,28844,blue,  3gcukrec5gg383569
178,15290,ford,door,2017,clean vehicle,66582,white,  1ft7w2bt0hef21363
179,26500,ford,door,2015,clean vehicle,61436,silver,  1ftew1cf3fke12825
180,25502,chevrolet,door,2016,clean vehicle,58303,silver,  3gcukrec0gg380000
181,7320,ford,mpv,2017,clean vehicle,55618,white,  1fmzk1cmxhkb51025
182,3800,chevrolet,van,2009,clean vehicle,261648,white,  1gbhg396191112177
183,24502,chevrolet,door,2016,clean vehicle,33045,white,  3gcukrec4gg223800
184,4140,ford,door,2017,clean vehicle,40747,white,  3fa6p0h73hr358945
185,1400,dodge,pk,2002,clean vehicle,185460,black,  1b7hg38n62s587845
186,18402,cadillac,srx,2016,clean vehicle,26667,gray,  3gyfnae36gs538333
187,4160,ford,door,2017,clean vehicle,37176,white,  3fa6p0hd3hr199785
188,175,chrysler,door,2000,salvage insurance,231240,red,  2c3hd46r3yh208325
189,24503,chevrolet,colorado,2016,clean vehicle,18006,brown,  1gchtde32g1339478
190,15840,ford,door,2017,clean vehicle,72445,white,  1ft7w2bt8hec67434
191,20500,ford,door,2014,clean vehicle,123355,black,  1ftfw1et9efb99877
192,21003,chevrolet,1500,2016,clean vehicle,44116,silver,  1gcvknec1gz396932
193,4200,ford,door,2017,clean vehicle,60219,red,  3fa6p0hd7hr273550
194,17400,ford,door,2011,clean vehicle,135077,red,  1ftfw1ef1bfa03548
195,32001,chevrolet,door,2016,clean vehicle,32058,black,  3gcuktec5gg350066
196,0,ford,mpv,2017,clean vehicle,76858,white,  1fbax2cv0hkb32599
197,15700,ford,cab,2011,clean vehicle,309564,white,  1fduf5gt8bea80212
198,31009,chevrolet,door,2016,clean vehicle,33928,white,  3gcuksec3gg369662
199,3740,ford,wagon,2017,clean vehicle,90618,white,  nm0ls7e76h1312963
200,5000,dodge,pickup,2001,clean vehicle,109360,white,  1b7hc16x01s213315
201,31002,chevrolet,door,2016,clean vehicle,71809,white,  1gc1kve82gf207345
202,3160,ford,doors,2017,clean vehicle,31563,gray,  1fadp3e24hl348263
203,8600,dodge,pickup,2005,clean vehicle,219823,gray,  3d7ks28c15g771945
204,6000,chevrolet,malibu,2018,clean vehicle,42090,gray,  1g1zb5st8jf226848
205,12990,ford,door,2017,clean vehicle,126523,white,  1ft7w2b60hec03964
206,25,chevrolet,vehicl,2020,salvage insurance,7232,black,  2gnaxkev6l6128374
207,13200,buick,encore,2017,clean vehicle,60171,black,  kl4cjcsb1hb024411
208,4410,ford,wagon,2017,clean vehicle,209915,white,  nm0ls7e79h1312701
209,25,chrysler,door,2005,salvage insurance,151815,silver,  2c3ja43r35h179032
210,22500,chevrolet,camaro,2020,clean vehicle,13826,green,  1g1fb1rx6l0109117
211,7420,ford,mpv,2017,clean vehicle,55854,white,  1fmzk1cm1hkb51026
212,13500,ford,door,2016,clean vehicle,45757,silver,  1fatp8uhxg5296168
213,15500,chevrolet,trax,2020,clean vehicle,16545,white,  3gncjlsb1ll142267
214,3540,ford,door,2017,clean vehicle,112893,white,  3fa6p0g73hr140652
215,17000,ford,door,2016,clean vehicle,126802,no_color,  1ft7w2b60geb96643
216,45500,chevrolet,tahoe,2020,clean vehicle,13303,white,  1gnscbkc4lr164829
217,4130,ford,door,2017,clean vehicle,34061,silver,  3fa6p0hd8hr305132
218,15700,ford,door,2015,clean vehicle,70251,white,  1ftew1cg0ffa89853
219,45500,chevrolet,tahoe,2020,clean vehicle,13679,gray,  1gnscbkcxlr162857
220,4130,ford,doors,2017,clean vehicle,42426,gray,  3fa6p0lu4hr246569
221,15500,dodge,door,2012,clean vehicle,66452,black,  1c6rd7lt4cs187334
222,16300,chevrolet,trax,2020,clean vehicle,18221,white,  3gncjlsb4ll149763
223,4530,ford,mpv,2017,clean vehicle,41455,white,  1fmzk1cm7hkb51015
224,15600,dodge,door,2011,clean vehicle,35275,black,  1d7rw3gp7bs614101
225,45500,chevrolet,tahoe,2020,clean vehicle,13885,white,  1gnscbkc6lr159535
226,4100,ford,door,2017,clean vehicle,38815,gray,  3fa6p0hd2hr178393
227,18200,dodge,door,2011,clean vehicle,162281,white,  3d73y4clxbg535425
228,10200,chevrolet,door,2013,clean vehicle,56479,black,  2g1fc3d32d9188287
229,4080,ford,doors,2017,clean vehicle,61027,black,  3fa6p0luxhr231039
230,5700,ford,van,2014,clean vehicle,178703,white,  1ftss3el7eda50076
231,10200,chevrolet,3500,2014,clean vehicle,173469,white,  1gc3czcg1ef176545
232,5000,ford,door,2017,clean vehicle,37321,white,  3fa6p0k93hr257687
233,1700,ford,door,2014,clean vehicle,112789,white,  1fadp3f20el320177
234,6200,bmw,door,2011,clean vehicle,80394,gray,  wbaph7g58bnn05983
235,3650,ford,door,2016,clean vehicle,68142,white,  1fmcu0f78gub36672
236,10500,dodge,door,2014,clean vehicle,74203,white,  2c3cdxct3eh230364
237,43500,chevrolet,2500,2018,clean vehicle,57604,white,  1gc1kwey3jf123662
238,4610,dodge,van,2016,clean vehicle,87229,silver,  2c4rdgbg2gr345223
239,3450,ford,door,2012,clean vehicle,90711,white,  3fahp0ha5cr389742
240,38500,chevrolet,suburban,2018,clean vehicle,11135,silver,  1gnschkc6jr269601
241,6810,ford,mpv,2016,clean vehicle,66781,silver,  2fmpk3k95gbb76939
242,2900,ford,cargo,2011,clean vehicle,190994,white,  1ftne2ew6bda76057
243,43500,chevrolet,2500,2018,clean vehicle,56007,white,  1gc1kwey6jf259008
244,4450,ford,mpv,2016,clean vehicle,32486,white,  2fmpk3g96gbc42228
245,5800,ford,door,2011,clean vehicle,195908,white,  1ftew1cm0bfc14625
246,16500,chevrolet,equinox,2018,clean vehicle,18020,silver,  2gnaxjev9j6276848
247,4240,dodge,mpv,2016,clean vehicle,83262,white,  3c4pdcbb9gt181387
248,26500,ford,pickup,2008,clean vehicle,62015,white,  1ftxw43r18eb10682
249,13700,chevrolet,equinox,2017,clean vehicle,36421,silver,  2gnalcek6h6289807
250,8600,ford,door,2016,clean vehicle,73321,white,  1ftew1cf8gkd34592
251,8000,ford,chassis,2008,clean vehicle,132379,white,  1fdxf46r08ea18180
252,14200,chevrolet,equinox,2017,clean vehicle,28013,silver,  2gnalcek6h6288804
253,7040,ford,mpv,2016,clean vehicle,33291,silver,  2fmpk3k80gbc65759
254,4700,ford,chassis,2005,clean vehicle,225236,no_color,  1fdxf46p35ea79064
255,30851,chevrolet,door,2016,clean vehicle,43176,red,  3gcuksec6gg284475
256,4880,ford,mpv,2016,clean vehicle,36876,silver,  2fmpk4g97gbc51848
257,14500,dodge,pickup,2006,clean vehicle,111782,silver,  1d7ks28c96j246101
258,7600,chevrolet,door,2017,clean vehicle,110489,brown,  1g1ze5st0hf155999
259,13270,ford,door,2016,clean vehicle,84035,white,  1ft7w2btxgeb64448
260,12800,ford,door,2012,clean vehicle,131101,gray,  1ftfw1et3cfb01665
261,33000,chevrolet,1500,2018,clean vehicle,52521,white,  3gcukreh0jg303596
262,9280,ford,door,2016,clean vehicle,101380,white,  1ftfw1ef9gkf57726
263,900,ford,van,2003,clean vehicle,142027,white,  1ftne24293hb19928
264,7560,ford,door,2016,clean vehicle,111476,gray,  1ftfx1ef7gkd59790
265,19500,ford,drw,2011,clean vehicle,76897,white,  1fd8w3gt0beb32874
266,17100,chevrolet,malibu,2019,clean vehicle,15780,white,  1g1zd5st5kf112138
267,8020,ford,door,2016,clean vehicle,31944,white,  1ftew1cp2gke43168
268,10300,ford,fiesta,2019,clean vehicle,18937,black,  3fadp4bjxkm123238
269,22600,chevrolet,van,2019,clean vehicle,9706,white,  1gcwgafgxk1243764
270,10480,ford,doors,2016,clean vehicle,57289,gray,  wf0dp3th0g4113219
271,10300,ford,fiesta,2019,clean vehicle,19956,silver,  3fadp4bj4km123235
272,22700,chevrolet,van,2019,clean vehicle,6075,white,  1gcwgafg4k1252945
273,7410,ford,door,2016,clean vehicle,21034,gray,  1ftex1ep1gfd60365
274,10300,ford,fiesta,2019,clean vehicle,22881,gray,  3fadp4bj7km123231
275,10300,chevrolet,door,2013,clean vehicle,167600,gray,  1gc4k0cgxdf194396
276,7570,ford,door,2016,clean vehicle,37252,white,  1ftfx1ef0gkf25969
277,67000,dodge,challenger,2019,clean vehicle,10944,blue,  2c3cdzl97kh518237
278,18900,chevrolet,impala,2019,clean vehicle,27601,white,  1g11z5s37ku129047
279,12560,ford,doors,2019,clean vehicle,15958,white,  1fd8w3ht1kee23298
280,33000,dodge,durango,2019,clean vehicle,32251,white,  1c4sdjct6kc717612
281,18300,chevrolet,impala,2019,clean vehicle,25809,black,  2g11z5s33k9132248
282,11760,ford,cab,2017,clean vehicle,30553,white,  1fd8w3ht4hed36245
283,31700,dodge,durango,2019,clean vehicle,26549,red,  1c4sdjct5kc744865
284,25,dodge,door,2007,salvage insurance,160528,dark blue,  2b3ka43g87h836300
285,0,ford,door,2000,salvage insurance,124969,black,  1fafp34p7yw270338
286,7340,ford,doors,2019,clean vehicle,15854,gray,  1fatp8uh7k5172626
287,8200,hyundai,door,2017,clean vehicle,56690,white,  5npd84lf6hh128808
288,3000,kia,door,2013,clean vehicle,97142,silver,  knagm4a75d5378293
289,6530,jeep,mpv,2019,clean vehicle,10185,black,  3c4njdcb3kt659526
290,0,mazda,door,2009,salvage insurance,117541,gray,  jm3er293590215768
291,12700,kia,soul,2019,clean vehicle,23514,silver,  kndjp3a55k7006351
292,13800,kia,sorento,2017,clean vehicle,86959,gray,  5xyphda50hg232046
293,0,chevrolet,pickup,1998,salvage insurance,258631,gray,  1gccs1445wk226994
294,725,ford,door,2017,salvage insurance,67279,gray,  3fa6p0h75hr150081
295,7400,ford,doors,2019,clean vehicle,16482,gray,  1fatp8uh2k5188622
296,9800,hyundai,elantra,2017,clean vehicle,35687,red,  kmhd84lf5hu191402
297,0,honda,door,2003,salvage insurance,152608,white,  1hgcm56363a030975
298,4400,jeep,mpv,2019,clean vehicle,17911,green,  3c4njcbbxkt664931
299,10330,infiniti,mpv,2019,clean vehicle,21278,blue,  5n1dl0mm9kc550722
300,1800,chevrolet,door,2011,salvage insurance,47269,black,  2g1fb3ddxb9212618
301,50,chevrolet,door,2008,salvage insurance,172102,blue,  1g1al58f787159241
302,720,ford,wagon,2006,clean vehicle,26914,no_color,  1fafp36n06w137851
303,22800,ford,door,2017,clean vehicle,67217,red,  1ftew1ep3hfb25518
304,2500,ford,door,2017,salvage insurance,78698,black,  1fmcu9gd2huc27625
305,0,ford,door,2003,salvage insurance,246065,gold,  1fafp55u03a242094
306,9190,gmc,mpv,2017,clean vehicle,41961,black,  1gkknxls3hz174527
307,10900,jeep,mpv,2019,clean vehicle,13273,red,  1c4hjxeg1kw609998
308,10400,infiniti,mpv,2019,clean vehicle,31713,black,  5n1dl0mm1kc552741
309,0,chevrolet,door,2004,salvage insurance,0,maroon,  3gnek12t74g240524
310,0,chevrolet,door,2003,salvage insurance,194673,gray,  1gndt13s632267445
311,7320,chevrolet,pickup,2008,clean vehicle,325611,silver,  1gchk23648f125262
312,22809,ford,f-150,2017,clean vehicle,50732,black,  1ftfx1ef5hke41700
313,0,ford,van,1998,salvage insurance,186855,blue,  2fmda5143wba16791
314,0,ford,door,2013,salvage insurance,94004,black,  3fa6p0h74dr270819
315,5520,gmc,mpv,2017,clean vehicle,52904,silver,  2gkfltek8h6226257
316,10900,jeep,mpv,2019,clean vehicle,14195,orange,  1c4hjxeg1kw608401
317,6330,jeep,mpv,2019,clean vehicle,43965,red,  1c4pjldbxkd300679
318,0,chevrolet,door,2009,salvage insurance,117059,black,  kl1td66e39b645208
319,25,chevrolet,pickup,2010,salvage insurance,149189,white,  3gcrkse37ag234620
320,2320,dodge,door,2007,clean vehicle,112182,red,  2b3ka43g67h630568
321,23702,ford,door,2017,clean vehicle,49024,black,  1ftew1ep4hkc08477
322,0,ford,chassis,1994,salvage insurance,0,green,  1fdee14n7rha47894
323,0,ford,door,1997,salvage insurance,203297,green,  1fmdu35p7vub38059
324,5520,gmc,mpv,2017,clean vehicle,35821,silver,  2gkfltek8h6338184
325,4050,heartland,pioneer,2018,clean vehicle,1,gray,  5sfpb3326je365727
326,14810,infiniti,mpv,2019,clean vehicle,32611,brown,  jn8az2ne0k9233910
327,25,chevrolet,door,2011,salvage insurance,105244,white,  1gccsbf97b8118236
328,2960,chrysler,van,2008,clean vehicle,164048,red,  2a8hr54px8r787529
329,24800,ford,door,2017,clean vehicle,46955,gray,  1ftew1ef3hfc22483
330,0,ford,door,1996,salvage insurance,296860,green,  1falp62w5th144314
331,0,ford,door,2006,salvage insurance,203158,red,  1fmzk04136ga07119
332,6270,gmc,mpv,2017,clean vehicle,70443,black,  2gkfluek3h6232330
333,1880,heartland,trail,2012,clean vehicle,1,white,  5sfnb2425ce237109
334,10050,infiniti,mpv,2019,clean vehicle,18229,gray,  5n1dl0mm3kc557634
335,225,chevrolet,door,2014,salvage insurance,87673,red,  3gcukrec2eg226031
336,26900,chevrolet,traverse,2018,clean vehicle,42941,black,  1gnevhkw8jj148388
337,1420,chrysler,door,2007,clean vehicle,104405,gold,  1c3lc66m77n591138
338,27003,ford,door,2017,clean vehicle,57186,black,  1ftew1ef4hfa16802
339,0,ford,door,2002,salvage insurance,214800,black,  3fafp37372r151014
340,350,ford,door,2004,salvage insurance,236980,gray,  1fmfu16lx4la45470
341,5600,gmc,mpv,2017,clean vehicle,59808,black,  2gkfltek3h6256220
342,6680,heartland,country,2011,clean vehicle,1,gray,  5sfbg3524be216811
343,10120,infiniti,mpv,2019,clean vehicle,20681,white,  5n1dl0mm2kc556913
344,0,chevrolet,door,2010,salvage insurance,137422,red,  2cnflnew5a6355858
345,3920,ford,door,2015,clean vehicle,102700,white,  1ftmf1c85fkd31564
346,23100,ford,door,2017,clean vehicle,53270,black,  1ftew1epxhfb71427
347,0,gmc,door,2004,salvage insurance,235348,gold,  1gket16s646227597
348,5630,gmc,mpv,2017,clean vehicle,27195,black,  2gkfltek2h6218025
349,0,heartland,sundance,2009,clean vehicle,1,white,  5sfgf29269e031344
350,2800,jaguar,doors,2019,clean vehicle,20849,black,  sajbd4fx6kcy78964
351,0,chevrolet,door,2008,salvage insurance,159266,gray,  2g1wb58kx81220813
352,8850,ford,door,2015,clean vehicle,143818,black,  1ftew1cf6ffc68843
353,18712,ford,f-150,2017,clean vehicle,67347,black,  1ftex1e83hfb13813
354,0,ford,pickup,2009,salvage insurance,180364,blue,  1ftyr10d19pa60391
355,0,ford,door,2009,salvage insurance,184889,black,  1fahp35n09w109143
356,6300,gmc,mpv,2017,clean vehicle,117400,blue,  2gkfluek6h6317310
357,2220,heartland,country,2010,clean vehicle,1,white,  5sfbg3823ae204868
358,6930,jeep,mpv,2019,clean vehicle,47798,red,  1c4pjmdx4kd197521
359,25,chevrolet,door,2008,salvage insurance,130623,white,  1gnfc13j88r167278
360,3440,ford,door,2015,clean vehicle,124542,white,  1fadp5au3fl108248
361,50412,ford,door,2017,clean vehicle,47129,black,  1ft7w2bt3hef41039
362,25,ford,pickup,1994,salvage insurance,206162,white,  1ftdf15y2rnb12612
363,950,ford,pk,2001,salvage insurance,229886,red,  1ftrx17w41nb80705
364,9270,gmc,mpv,2017,clean vehicle,19490,gray,  1gkknxls2hz262405
365,11380,jeep,mpv,2019,clean vehicle,12038,black,  1c4hjxeg2kw600727
366,5350,hyundai,mpv,2019,clean vehicle,43536,blue,  km8j33a49ku860727
367,2725,chevrolet,door,2004,salvage insurance,308451,black,  1gcjc33204f177273
368,3790,ford,door,2015,clean vehicle,100893,gray,  3fa6p0h71fr180238
369,40514,ford,door,2017,clean vehicle,90304,white,  1ft7w2bt6heb60592
370,0,ford,door,1997,salvage insurance,146912,green,  1ftdf18w8vna61251
371,0,ford,door,1998,salvage insurance,131367,white,  1ftrf18l7wka62471
372,9190,gmc,mpv,2017,clean vehicle,31394,gray,  1gkknxls7hz295013
373,10330,infiniti,mpv,2019,clean vehicle,25933,gray,  5n1dl0mm9kc556522
374,1000,acura,door,2008,salvage insurance,118250,gray,  5j8tb18578a010979
375,2925,bmw,door,2013,salvage insurance,46060,white,  5uxwx9c57d0a24286
376,3830,ford,door,2015,clean vehicle,50593,gold,  3fa6p0hdxfr241138
377,43402,ford,door,2017,clean vehicle,62387,blue,  1ft7w2bt3hed62547
378,1025,gmc,door,2009,salvage insurance,169634,black,  1gkfk03219r252659
379,17200,honda,van,2016,clean vehicle,72527,gray,  5fnrl5h65gb151898
380,54680,harley-davidson,road/street,2016,clean vehicle,9502,black,  1hd1krm1xgb609213
381,6940,honda,door,2010,clean vehicle,217290,no_color,  5fnyf4h99ab034386
382,13080,infiniti,mpv,2019,clean vehicle,17243,gray,  jn8az2nf9k9685086
383,25,chevrolet,door,2007,salvage insurance,194903,gray,  3gnfk16307g310044
384,10630,ford,door,2015,clean vehicle,82899,white,  1ftew1eg0ffb32472
385,43009,ford,door,2017,clean vehicle,76418,white,  1ft7w2bt3heb19966
386,25,gmc,door,2003,salvage insurance,138441,white,  1gkdt13s332100344
387,4600,ford,pickup,2006,salvage insurance,240740,brown,  1ftpw14v66fa82105
388,4950,honda,mpv,2016,clean vehicle,71404,black,  2hkrm3h45gh513861
389,3760,hyundai,doors,2019,clean vehicle,30382,silver,  5npd84lf6kh456317
390,3900,acura,door,2009,clean vehicle,179389,black,  19uua96529a004646
391,0,cadillac,coupe,2000,salvage insurance,105169,white,  1g6el12y9yu148063
392,3830,ford,door,2015,clean vehicle,82534,silver,  3fa6p0hdxfr258523
393,53500,ford,door,2017,clean vehicle,55732,white,  1ft8w4dtxhed96692
394,25,ford,door,2010,salvage insurance,198596,gray,  1fmeu7de5aua53694
395,25,ford,door,1998,salvage insurance,300021,brown,  1ftzx0766wka18481
396,6240,honda,door,2015,clean vehicle,83623,silver,  5fnyf4h26fb052452
397,4150,jeep,door,2014,clean vehicle,108895,white,  1c4njrfb0ed707552
398,25,jeep,door,1999,salvage insurance,226972,black,  1j4gw58s4xc558310
399,61200,bmw,series,2020,clean vehicle,7509,black,  wba7t2c04lgl17687
400,0,buick,door,2006,salvage insurance,137464,blue,  2g4wc582961163677
401,13500,bmw,series,2014,clean vehicle,33542,blue,  wba3d5c51ekx97650
402,6490,ford,door,2015,clean vehicle,74754,black,  1fm5k7d88fga24308
403,51502,ford,door,2017,clean vehicle,27661,black,  1ft8w3dt8hec12120
404,250,ford,door,2010,salvage insurance,115241,white,  3fahp0ha6ar187697
405,25,ford,door,1984,salvage insurance,41577,white,  2ftcf15y9eca14589
406,8160,honda,van,2015,clean vehicle,109027,gray,  5fnrl5h96fb012419
407,7770,jeep,door,2014,clean vehicle,72732,gray,  1c4rjfbg4ec441069
408,200,jeep,door,2001,salvage insurance,126400,green,  1j4ft48s01l590080
409,25,audi,door,2008,salvage insurance,177422,black,  wa1by74l38d010163
410,0,chevrolet,door,1995,salvage insurance,274706,green,  2gcec19h8s1195266
411,1825,bmw,coupe,2008,salvage insurance,77984,white,  wbawb33548p132854
412,39800,bmw,series,2017,clean vehicle,23177,blue,  wba7e2c58hg739412
413,9210,ford,door,2015,clean vehicle,26911,silver,  1ftew1cg4ffa66589
414,58500,ford,srw,2019,clean vehicle,21527,blue,  1ft8w3bt3kee15023
415,125,ford,door,2014,salvage insurance,56461,silver,  1fm5k8gt9ega74266
416,3960,honda,door,2015,clean vehicle,95128,white,  19xfb2f81fe252000
417,5998,hyundai,doors,2014,clean vehicle,122975,phantom black,  5npdh4ae0eh480157
418,3700,honda,doors,2014,clean vehicle,162824,blue,  jhmze2h34es000337
419,0,kia,wagon,2008,salvage insurance,148463,silver,  knafg525787197602
420,0,audi,door,2005,salvage insurance,181896,black,  waudg74f05n113751
421,0,bmw,door,2000,salvage insurance,216657,gray,  wbaam3346yfp77118
422,5000,gmc,door,2012,clean vehicle,140339,black,  1gkkrpedxcj207971
423,15050,infiniti,mpv,2019,clean vehicle,26786,white,  jn8az2ne9k9229368
424,3960,hyundai,doors,2019,clean vehicle,35623,red,  5npd84lf5kh403222
425,36300,lincoln,nautilus,2019,clean vehicle,14541,black,  2lmpj6l91kbl31468
426,55600,lexus,gx,2020,clean vehicle,8186,silver,  jtjam7bx4l5251250
427,2630,nissan,doors,2018,clean vehicle,36739,gray,  3n1cn7ap5jl872135
428,5690,nissan,mpv,2017,clean vehicle,42616,blue,  5n1at2mv4hc773816
429,19500,audi,q5,2017,clean vehicle,65833,blue,  wa1l2afpxha049370
430,450,chevrolet,coupe,2008,salvage insurance,123515,yellow,  1g1al18f587145539
431,20400,cadillac,door,2015,clean vehicle,36122,white,  3gyfnee39fs587810
432,4320,chevrolet,door,2011,clean vehicle,88359,brown,  2cnfleec9b6313197
433,33001,ford,f-150,2017,clean vehicle,35905,gray,  1ftfw1eg3hfc66707
434,10000,ford,door,2017,salvage insurance,35747,red,  1ftew1efxhkc69002
435,0,ford,door,2004,salvage insurance,167011,red,  1fmfu18l84lb61201
436,5790,gmc,door,2012,clean vehicle,105020,white,  1gtr2ve74cz121991
437,14750,infiniti,mpv,2019,clean vehicle,11047,black,  jn8az2nexk9236071
438,4010,hyundai,doors,2019,clean vehicle,31233,silver,  kmhd84lf4ku746279
439,40000,mercedes-benz,gle,2019,clean vehicle,19427,white,  4jgda5gb4kb204919
440,13000,kia,sportage,2017,clean vehicle,71991,silver,  kndpn3ac7h7113313
441,3550,nissan,doors,2018,clean vehicle,29043,blue,  3n1ab7ap2jy244200
442,3040,nissan,doors,2017,clean vehicle,36064,gray,  3n1ab7ap5hy411143
443,0,chevrolet,coupe,2008,salvage insurance,270080,yellow,  1g1al18f187245041
444,36400,audi,5,2015,clean vehicle,47213,black,  wuac6bfr0fa901212
445,4480,ford,door,2011,clean vehicle,116480,black,  2fmdk3gc0bbb23680
446,31003,ford,door,2017,clean vehicle,72084,red,  1ftew1eg0hfb93193
447,75,ford,pickup,2001,salvage insurance,295780,gold,  1ftrw08l61kc05834
448,8850,gmc,door,2011,clean vehicle,148035,white,  1gt120c83bf236190
449,14750,infiniti,mpv,2019,clean vehicle,11396,white,  jn8az2nexk9236037
450,4690,hyundai,mpv,2019,clean vehicle,33785,silver,  km8k12aa0ku242609
451,23000,land,sport,2018,clean vehicle,20103,black,  salcp2rx6jh739311
452,46900,land,discovery,2018,clean vehicle,32387,black,  salrr2rk0ja052195
453,10740,mercedes-benz,doors,2018,clean vehicle,48140,white,  wddwk4jb2jf613298
454,3160,nissan,doors,2017,clean vehicle,34861,gray,  3n1ab7ap0hy315498
455,0,chevrolet,door,2006,salvage insurance,268040,silver,  1g1zt53f46f254868
456,3450,chrysler,door,2011,clean vehicle,114119,gold,  1c3bc1fg1bn519076
457,27102,ford,f-150,2017,clean vehicle,34165,red,  1ftfw1eg1hfb78397
458,500,gmc,door,2018,salvage insurance,27442,black,  1gkknmls5jz177336
459,5100,gmc,door,2011,clean vehicle,144792,white,  1gtr2uea3bz242502
460,15010,infiniti,mpv,2019,clean vehicle,11394,beige,  jn8az2ne8k9236456
461,5800,jeep,mpv,2019,clean vehicle,30546,silver,  1c4pjldb3kd419559
462,23200,land,sport,2018,clean vehicle,23745,black,  salcp2rx0jh740860
463,8000,hyundai,door,2015,clean vehicle,88274,red,  km8jucag9fu984199
464,3390,nissan,doors,2018,clean vehicle,38349,gray,  3n1ab7ap5jy293102
465,3140,nissan,doors,2017,clean vehicle,30142,white,  3n1ab7ap1hy310259
466,25,chevrolet,door,2007,salvage insurance,267834,black,  3gnfk12387g179905
467,15000,bmw,door,2014,clean vehicle,44730,silver,  wba3b5g54ens10419
468,10440,chevrolet,cab,2011,clean vehicle,92476,blue,  1gc1kyc87bf185906
469,23911,ford,f-150,2017,clean vehicle,25698,black,  1ftew1cf3hfb78746
470,25,ford,pk,2010,salvage insurance,155242,gray,  1ftfx1ev7akc32939
471,21400,gmc,acadia,2018,clean vehicle,54332,gray,  1gkknwls6jz133440
472,5380,gmc,cab,2011,clean vehicle,119215,white,  1gt120cg5bf167316
473,11000,jeep,mpv,2019,clean vehicle,8930,red,  1c4hjxeg0kw596497
474,4950,jeep,mpv,2019,clean vehicle,46985,silver,  1c4pjllb6kd184477
475,22500,land,sport,2018,clean vehicle,30220,black,  salcp2rx7jh741147
476,30300,maserati,ghibli,2017,clean vehicle,37021,black,  zam57xslxh1248775
477,2630,nissan,doors,2018,clean vehicle,43152,white,  3n1cn7ap5jl882275
478,3140,nissan,doors,2017,clean vehicle,34318,silver,  3n1ab7ap1hl639346
479,2300,chevrolet,door,2011,salvage insurance,88287,white,  1gnskbe03br198151
480,4310,chevrolet,door,2011,clean vehicle,105486,black,  2cnaldec6b6382868
481,26012,ford,door,2017,clean vehicle,19850,black,  1ftew1ef2hfb83224
482,75,ford,door,2014,salvage insurance,116535,silver,  1fadp3k26el249167
483,48500,gmc,1500,2019,clean vehicle,15777,black,  1gtu9fel6kz311976
484,3330,gmc,mpv,2009,clean vehicle,87448,white,  1gtgg25k391106224
485,11200,jeep,mpv,2019,clean vehicle,8395,yellow,  1c4hjxeg7kw589272
486,4730,hyundai,mpv,2019,clean vehicle,30121,red,  km8j23a45ku893842
487,24900,mercedes-benz,glc,2018,clean vehicle,33687,white,  wdc0g4jb4jv097463
488,29400,mercedes-benz,e-class,2017,clean vehicle,37561,blue,  wddzf4jb6ha277485
489,8350,nissan,cab,2018,clean vehicle,32256,gray,  1n6aa1ej3jn519666
490,475,peterbilt,truck,2012,salvage insurance,902041,gold,  1xp4d49x9cd123630
491,3210,nissan,doors,2017,clean vehicle,25255,black,  3n1ab7apxhy302645
492,25,chevrolet,van,2006,salvage insurance,165327,white,  1gndu23l46d143789
493,4200,chevrolet,cutaway,2006,clean vehicle,118009,white,  1gbhg31u661113654
494,8430,chevrolet,utility,2011,clean vehicle,114547,black,  3gntkge3xbg398052
495,25503,ford,f-150,2017,clean vehicle,18647,black,  1ftmf1ef2hfb83980
496,0,ford,pickup,1996,salvage insurance,252588,red,  1ftef15n0tlc14455
497,26000,gmc,limited,2019,clean vehicle,16669,black,  2gtv2mecxk1173011
498,3900,honda,doors,2017,clean vehicle,47970,blue,  2hgfc2f52hh522914
499,11200,jeep,mpv,2019,clean vehicle,12905,gray,  1c4hjxeg7kw590115
500,8610,jeep,mpv,2019,clean vehicle,22123,silver,  1c4rjebg1kc776053
501,28000,mercedes-benz,gle,2018,clean vehicle,40780,white,  4jgda5jbxjb046383
502,84900,mercedes-benz,sl-class,2017,clean vehicle,25302,silver,  wddjk7ea3hf044968
503,10840,lexus,mpv,2017,clean vehicle,36596,black,  2t2bzmca4hc087456
504,100,peterbilt,truck,2012,salvage insurance,0,blue,  1xp4d49x1cd144875
505,11050,ram,door,2017,clean vehicle,30421,white,  1c6rr7pt3hs659994
506,0,chevrolet,door,2012,salvage insurance,134938,orange,  1g1jc5sh7c4114661
507,1000,chevrolet,door,2005,clean vehicle,135675,gray,  1gnet16s156132062
508,3570,dodge,door,2015,clean vehicle,17355,black,  3c4pdcab2ft637813
509,25001,ford,door,2017,clean vehicle,27773,gray,  1ftfw1ef5hfb70262
510,0,ford,door,2010,salvage insurance,86841,silver,  3fahp0ga3ar366961
511,5630,gmc,mpv,2017,clean vehicle,58366,black,  2gkfltek2h6317685
512,11100,jeep,mpv,2019,clean vehicle,11229,white,  1c4hjxegxkw589301
513,4650,hyundai,mpv,2019,clean vehicle,27492,white,  km8j23a44ku882752
514,0,lincoln,door,2005,salvage insurance,89705,green,  1lnhm87a25y619997
515,3820,nissan,mpv,2016,clean vehicle,41654,blue,  5n1at2mn5gc894272
516,0,peterbilt,truck,2009,salvage insurance,982486,blue,  1xp7d49x09d784257
517,2900,nissan,doors,2017,clean vehicle,31954,gray,  3n1ab7ap6hy249992
518,50,chevrolet,door,2008,salvage insurance,172102,blue,  1g1al58f787159241
519,5100,chevrolet,pickup,2004,clean vehicle,173321,gray,  1gchk23204f232462
520,4700,dodge,door,2015,clean vehicle,93423,red,  3c4pdcgb7ft597655
521,29502,ford,f-150,2017,clean vehicle,14053,red,  1ftfw1eg1hke28907
522,0,ford,door,2008,salvage insurance,145483,red,  1fmcu03128kc80487
523,6160,honda,door,2017,clean vehicle,25956,white,  1hgct1b89ha002933
524,10910,jeep,mpv,2019,clean vehicle,12253,red,  1c4hjxeg8kw651309
525,3440,hyundai,doors,2019,clean vehicle,34895,gray,  3kpc24a34ke050725
526,16000,mazda,cx-3,2016,clean vehicle,47753,gray,  jm1dkbd74g0123647
527,3810,kia,door,2016,clean vehicle,39408,black,  kndjx3ae3g7012477
528,1025,peterbilt,truck,2010,salvage insurance,1017936,color:,  1xp7d49x0ad793710
529,3020,nissan,doors,2017,clean vehicle,33599,white,  3n1ab7ap7hy223787
530,0,chevrolet,door,2003,salvage insurance,194673,gray,  1gndt13s632267445
531,2000,chevrolet,pickup,2003,clean vehicle,507985,red,  1gcgc24u53z128586
532,3870,ford,door,2010,clean vehicle,185983,white,  1fmcu4k37akb80224
533,24811,ford,door,2017,clean vehicle,28464,red,  1ftew1ep4hfb44546
534,75,ford,door,2007,salvage insurance,154989,blue,  3fahp06z07r118828
535,5420,honda,doors,2017,clean vehicle,16702,black,  1hgcr2f55ha080596
536,11100,jeep,mpv,2019,clean vehicle,11449,yellow,  1c4hjxegxkw600703
537,4750,hyundai,mpv,2019,clean vehicle,25847,gray,  km8j23a4xku846404
538,17900,mercedes-benz,door,2015,clean vehicle,49772,gray,  wddhf5kbxfb099457
539,3800,nissan,door,2015,clean vehicle,83915,black,  1n4al3ap6fc102604
540,3160,nissan,doors,2017,clean vehicle,40306,silver,  3n1ab7ap0hy260843
541,25,chevrolet,pickup,2010,salvage insurance,149189,white,  3gcrkse37ag234620
542,1200,chevrolet,door,2001,clean vehicle,149543,red,  2cnbj13c316958216
543,6470,chevrolet,coupe,2010,clean vehicle,69622,yellow,  2g1fk1ejxa9163850
544,26400,ford,door,2017,clean vehicle,36295,red,  1ftew1ef3hfb27101
545,0,gmc,door,1993,salvage insurance,0,light blue,  1gkfk16k5pj701631
546,32500,gmc,2500hd,2018,clean vehicle,14856,blue,  1gt12seg2jf255666
547,6900,honda,mpv,2017,clean vehicle,44129,brown,  5j6rw1h81hl005542
548,11030,jeep,mpv,2019,clean vehicle,10861,yellow,  1c4hjxeg5kw608448
549,3460,hyundai,door,2012,clean vehicle,142106,white,  5npeb4ac2ch437716
550,18000,mercedes-benz,door,2015,clean vehicle,82411,black,  4jgda5hb2fa567147
551,3250,hyundai,door,2015,clean vehicle,111612,gray,  5npdh4ae3fh644096
552,3210,nissan,doors,2017,clean vehicle,35251,gray,  3n1ab7apxhy232807
553,13200,chevrolet,door,2017,clean vehicle,50408,black,  2gnflfek3h6342356
554,27705,ford,f-150,2019,clean vehicle,15630,gray,  1ftew1e48kfb37676
555,7200,chevrolet,door,2017,clean vehicle,53273,black,  1g1bc5sm8h7200200
556,28714,ford,f-150,2019,clean vehicle,14786,white,  1ftfw1e58kfb37772
557,11200,chevrolet,door,2017,clean vehicle,85315,white,  2gnflfek3h6341370
558,27502,ford,f-150,2019,clean vehicle,16146,gray,  1ftew1e45kfb69856
559,11900,chevrolet,door,2017,clean vehicle,76211,blue,  2gnflfek5h6341662
560,29314,ford,f-150,2019,clean vehicle,15265,gray,  1ftew1ep6kfb85302
561,11200,chevrolet,door,2017,clean vehicle,79965,silver,  2gnflfek5h6351639
562,27002,ford,f-150,2019,clean vehicle,16059,gray,  1ftew1e55kfb96628
563,13200,chevrolet,door,2017,clean vehicle,62739,black,  2gnflfek4h6351292
564,28214,ford,f-150,2019,clean vehicle,15569,white,  1ftfw1e51kfc13333
565,12700,chevrolet,door,2017,clean vehicle,58932,black,  2gnflfek8h6350288
566,29900,ford,f-150,2019,clean vehicle,17488,white,  1ftfw1e55kfb37583
567,12700,chevrolet,door,2017,clean vehicle,60733,black,  2gnflfek7h6351433
568,27202,ford,f-150,2019,clean vehicle,18550,red,  1ftew1e59kfb37761
569,13500,chevrolet,impala,2018,clean vehicle,53194,white,  2g1105s3xj9121918
570,27705,ford,f-150,2019,clean vehicle,17644,silver,  1ftew1e41kfb70194
571,14700,chevrolet,van,2016,clean vehicle,34454,white,  1gcwgaff9g1216490
572,29900,ford,f-150,2019,clean vehicle,17684,white,  1ftfw1e5xkfc33564
573,4500,chevrolet,door,2015,clean vehicle,83279,gray,  1g1pc5sb0f7185936
574,27705,ford,f-150,2019,clean vehicle,16600,silver,  1ftew1e41kfb69644
575,8000,chevrolet,door,2015,clean vehicle,107971,gray,  1gnkrgkd8fj279098
576,25511,ford,f-150,2019,clean vehicle,17801,silver,  1ftfw1e43kfb97031
577,7700,chevrolet,colorado,2015,clean vehicle,94150,white,  1gchsaea7f1213972
578,29900,ford,f-150,2019,clean vehicle,17159,silver,  1ftfw1e53kfc33535
579,7200,chevrolet,van,2015,clean vehicle,80711,white,  3n63m0yn5fk720622
580,27502,ford,f-150,2019,clean vehicle,17983,red,  1ftew1e55kfb69820
581,4500,chevrolet,door,2013,clean vehicle,119981,white,  1gcncpex7dz328593
582,27402,ford,f-150,2019,clean vehicle,17851,white,  1ftfw1e52kfb51151
583,1500,chevrolet,sonic,2013,clean vehicle,66079,black,  1g1jg6sb3d4251006
584,26602,ford,f-150,2019,clean vehicle,18174,white,  1ftew1e42kfb37902
585,10200,chevrolet,sonic,2019,clean vehicle,7654,black,  1g1jf5sb0k4122201
586,29900,ford,f-150,2019,clean vehicle,18759,black,  1ftfw1e58kfb69878
587,14000,chevrolet,colorado,2019,clean vehicle,11564,white,  1gchsbea7k1232845
588,28500,ford,f-150,2019,clean vehicle,18901,silver,  1ftew1e50kfb51192
589,8000,chevrolet,door,2016,clean vehicle,86541,black,  2g1115s37g9109571
590,29809,ford,f-150,2019,clean vehicle,21157,silver,  1ftfw1e51kfb70029
591,36900,chevrolet,corvette,2015,clean vehicle,29937,black,  1g1yj2d7xf5106236
592,26902,ford,f-150,2019,clean vehicle,23964,white,  1ftew1e48kfb37905
593,10950,chevrolet,door,2015,clean vehicle,58504,red,  2gnalbek5f1140499
594,27402,ford,f-150,2019,clean vehicle,20154,white,  1ftew1e59kfb37727
595,16900,acura,mdx,2014,clean vehicle,63500,silver,  5fryd3h20eb002546
596,25600,ford,f-150,2019,clean vehicle,23294,silver,  1ftew1ep1kfb50960
597,29700,bmw,series,2016,clean vehicle,24293,no_color,  wba7f2c58gge12300
598,27702,ford,f-150,2019,clean vehicle,20343,red,  1ftew1e47kfb69647
599,13500,buick,encore,2016,clean vehicle,19655,red,  kl4cjbsb4gb700424
600,27102,ford,f-150,2019,clean vehicle,19100,white,  1ftew1e53kfb37982
601,27102,ford,f-150,2019,clean vehicle,20014,white,  1ftew1e54kfa00453
602,25811,ford,f-150,2019,clean vehicle,21774,black,  1ftew1e59kfb37887
603,26602,ford,f-150,2019,clean vehicle,21201,white,  1ftew1e59kfb69755
604,27102,ford,f-150,2019,clean vehicle,21766,white,  1ftew1e49kfb96784
605,37500,buick,enclave,2019,clean vehicle,12406,gray,  5gaevbkw8kj293388
606,26211,ford,flex,2019,clean vehicle,17977,blue,  2fmhk6dt1kba21554
607,24205,ford,flex,2019,clean vehicle,22805,silver,  2fmhk6d80kba19788
608,37500,cadillac,xt5,2019,clean vehicle,16013,black,  1gyknfrs3kz252626
609,27111,ford,flex,2019,clean vehicle,14382,black,  2fmhk6dt2kba21630
610,27411,ford,flex,2019,clean vehicle,9660,black,  2fmhk6dt1kba21571
611,27302,ford,flex,2019,clean vehicle,18969,black,  2fmhk6dt2kba19683
612,27202,ford,f-150,2019,clean vehicle,24730,gray,  1ftew1ep2kfb70022
613,26311,ford,flex,2019,clean vehicle,15847,red,  2fmhk6dt5kba19693
614,26602,ford,f-150,2019,clean vehicle,25009,white,  1ftew1e55kfb51169
615,33500,bmw,series,2017,clean vehicle,22115,blue,  wbaja7c31hg905802
616,27511,ford,flex,2019,clean vehicle,11836,white,  2fmhk6dt7kba19548
617,21500,buick,door,2017,clean vehicle,23765,red,  1g4zp5ss5hu137398
618,27200,ford,f-150,2019,clean vehicle,25508,silver,  1ftfw1e40kfb69655
619,26511,ford,flex,2019,clean vehicle,18196,red,  2fmhk6dt9kba19695
620,24002,ford,flex,2019,clean vehicle,16106,gray,  2fmhk6c81kba19848
621,21500,buick,door,2017,clean vehicle,14907,silver,  1g4zp5ss6hu125437
622,18511,ford,fusion,2019,clean vehicle,12735,gray,  3fa6p0ru0kr211641
623,14000,kia,sorento,2017,clean vehicle,53424,black,  5xypgda51hg221253
624,29000,buick,door,2017,clean vehicle,17940,green,  5gakvckd5hj216221
625,23402,ford,flex,2019,clean vehicle,17417,gray,  2fmhk6c88kba19846
626,13300,kia,door,2017,clean vehicle,37125,no_color,  5xypgda39hg262132
627,19700,bmw,x3,2017,clean vehicle,61428,black,  5uxwx9c51h0t09021
628,23211,ford,flex,2019,clean vehicle,17025,black,  2fmhk6c85kba19710
629,15500,kia,sorento,2017,clean vehicle,37668,red,  5xypgda59hg292944
630,18111,ford,fusion,2019,clean vehicle,15805,black,  3fa6p0ruxkr244131
631,21500,kia,sorento,2017,clean vehicle,43761,gray,  5xypkda50hg299327
632,25511,ford,mustang,2019,clean vehicle,11342,gray,  1fatp8uh4k5177265
633,17700,chevrolet,equinox,2017,clean vehicle,35664,blue,  2gnaldek2h1500410
634,28000,chevrolet,cutaway,2017,clean vehicle,12780,white,  1gb3gtcgxh1118909
635,14000,chevrolet,door,2017,clean vehicle,38458,blue,  1g1ze5st9hf229260
636,21700,chevrolet,door,2017,clean vehicle,34420,silver,  1gnkvgkd4hj314704
637,13500,chevrolet,door,2017,clean vehicle,46497,white,  1g1ze5stxhf257679
638,35500,chevrolet,1500,2017,clean vehicle,21268,no_color,  3gcuksec0hg271643
639,29500,chevrolet,1500,2017,clean vehicle,31029,red,  3gcukrec7hg170656
640,25300,chevrolet,1500,2017,clean vehicle,40878,no_color,  1gcvkrec8hz169908
641,21500,chevrolet,1500,2016,clean vehicle,20270,silver,  3gcuknec9gg224336
642,25900,chevrolet,door,2016,clean vehicle,32984,blue,  1gcvkrec8gz393856
643,35300,chevrolet,door,2016,clean vehicle,75506,black,  1gnskckc9gr424401
644,13500,chevrolet,door,2016,clean vehicle,39951,red,  1g1bg5sm5g7250863
645,62000,chevrolet,corvette,2016,clean vehicle,19403,white,  1g1yt2d6xg5612796
646,46000,chevrolet,corvette,2016,clean vehicle,4445,black,  1g1yj2d70g5122320
647,9000,chevrolet,malibu,2016,clean vehicle,67527,gray,  1g1zj5su8gf337274
648,25900,chevrolet,door,2016,clean vehicle,33588,white,  1gcvkrec7gz392164
649,25800,chevrolet,door,2016,clean vehicle,10103,no_color,  1gcvkpec7gz283370
650,17000,chevrolet,door,2016,clean vehicle,26474,gray,  2gnaldek7g6323080
651,12800,chevrolet,door,2016,clean vehicle,40253,white,  1g1ze5st5gf315602
652,47400,chevrolet,3500,2016,clean vehicle,39624,red,  1gc4k0c84gf121926
653,24400,chevrolet,door,2016,clean vehicle,48705,gray,  1gnkvjkd3gj171692
654,17100,chevrolet,trax,2016,clean vehicle,19659,white,  kl7cjrsb9gb542870
655,7400,chevrolet,door,2015,clean vehicle,91299,no_color,  1g11c5sl8ff311156
656,33100,chevrolet,door,2015,clean vehicle,81614,gold,  1gnskckc5fr181703
657,22000,chevrolet,trax,2020,clean vehicle,179,gray,  3gncjksbxll181398
658,35000,chevrolet,1500,2019,clean vehicle,5523,no_color,  3gcpwaef0kg291601
659,16500,chevrolet,equinox,2019,clean vehicle,29841,silver,  2gnaxkev6k6186886
660,35300,chevrolet,1500,2019,clean vehicle,8516,silver,  1gcuwded5kz124282
661,26900,chevrolet,traverse,2018,clean vehicle,42941,black,  1gnevhkw8jj148388
662,11600,chevrolet,trax,2017,clean vehicle,27498,black,  3gncjksb6hl148082
663,28100,chevrolet,1500,2017,clean vehicle,31141,silver,  1gcpcrec9hf242498
664,27700,chevrolet,1500,2017,clean vehicle,20784,white,  1gcvkrec1hz135955
665,17700,chevrolet,passenger,2017,clean vehicle,52667,white,  1gazgpfg0h1169059
666,16600,chevrolet,volt,2017,clean vehicle,26003,no_color,  1g1rc6s56hu177143
667,63200,chevrolet,corvette,2016,clean vehicle,4266,red,  1g1ys2d6xg5609979
668,36800,chevrolet,door,2015,clean vehicle,32332,white,  1gc1kweg8ff170135
669,19500,chevrolet,passenger,2018,clean vehicle,44333,white,  1gazgpfg7j1254194
670,38800,chevrolet,tahoe,2019,clean vehicle,36198,blue,  1gnskbkc0kr335691
671,37500,chevrolet,tahoe,2019,clean vehicle,33331,silver,  1gnskbkc1kr164515
672,35000,chevrolet,suburban,2019,clean vehicle,43082,gray,  1gnskhkcxkr306962
673,31100,chevrolet,camaro,2019,clean vehicle,24561,gray,  1g1fh1r7xk0140397
674,22600,chevrolet,van,2019,clean vehicle,13485,white,  1gcwgafgxk1242467
675,22400,chevrolet,van,2019,clean vehicle,15524,white,  1gcwgafg5k1221297
676,22700,chevrolet,van,2019,clean vehicle,8996,white,  1gcwgafg9k1240337
677,13700,chevrolet,malibu,2019,clean vehicle,47282,silver,  1g1zd5st4kf126371
678,37100,chevrolet,suburban,2019,clean vehicle,34470,black,  1gnskhkcxkr288236
679,18500,chevrolet,colorado,2018,clean vehicle,87264,green,  1gcgtcen5j1157983
680,18300,chevrolet,2500,2017,clean vehicle,114344,white,  1gc2kveg3hz159933
681,19000,chevrolet,2500,2017,clean vehicle,111635,white,  1gc2kveg1hz262672
682,18500,chevrolet,1500,2017,clean vehicle,103955,white,  3gcukrec0hg249327
683,22500,chevrolet,door,2016,clean vehicle,66640,white,  3gcukrec5gg277008
684,14500,chevrolet,door,2014,clean vehicle,122018,white,  3gcukrec6eg373324
685,32800,chevrolet,tahoe,2018,clean vehicle,46915,gray,  1gnskbkc9jr370082
686,12300,chevrolet,malibu,2018,clean vehicle,53599,black,  1g1zd5stxjf140841
687,19600,chevrolet,1500,2018,clean vehicle,41672,gray,  1gcvkreh7jz295386
688,13600,chevrolet,malibu,2018,clean vehicle,36047,white,  1g1zd5st5jf249837
689,7200,chevrolet,spark,2018,clean vehicle,42561,red,  kl8cb6sa3jc459211
690,19900,chevrolet,1500,2018,clean vehicle,40345,white,  1gcvkreh3jz272445
691,13000,chevrolet,malibu,2018,clean vehicle,41751,gray,  1g1zd5st8jf242655
692,19700,chevrolet,door,2016,clean vehicle,27593,white,  1gcvkrec0gz118434
693,9400,chevrolet,door,2017,clean vehicle,24009,blue,  1g1be5sm4h7275597
694,23800,chevrolet,1500,2017,clean vehicle,85697,white,  3gcukrecxhg319917
695,17700,chevrolet,equinox,2019,clean vehicle,25223,white,  3gnaxuev8ks588177
696,17000,chevrolet,door,2015,clean vehicle,27927,white,  2g1ff1e3xf9185411
697,14000,chevrolet,door,2014,clean vehicle,135127,red,  3gcpcreh4eg204053
698,32100,chevrolet,2500,2018,clean vehicle,55532,white,  1gc1kvey2jf198038
699,33100,chevrolet,2500,2019,clean vehicle,72172,white,  1gc1ksey8kf114255
700,31600,chevrolet,2500,2018,clean vehicle,57751,white,  1gc1kvey3jf197819
701,5100,chevrolet,door,2013,clean vehicle,96314,gray,  3gnal3ek3ds630172
702,4100,chevrolet,door,2013,clean vehicle,89152,blue,  1g1pa5sgxd7225194
703,7200,chevrolet,door,2014,clean vehicle,114660,silver,  2gnflfek5e6237636
704,12800,chevrolet,1500,2014,clean vehicle,177322,white,  3gcuksej4eg356687
705,46800,chevrolet,1500,2019,clean vehicle,36423,gray,  1gcuyhel9kz240206
706,21800,chevrolet,van,2019,clean vehicle,23759,white,  1gcwgafg7k1222516
707,3000,chevrolet,door,2013,clean vehicle,120667,gray,  1g1jc6sh6d4127084
708,22500,chevrolet,colorado,2017,clean vehicle,65344,red,  1gcgtcen1h1148658
709,35300,chevrolet,suburban,2018,clean vehicle,51347,black,  1gnskhkc5jr243896
710,16500,chevrolet,volt,2017,clean vehicle,52322,black,  1g1rd6s59hu201853
711,33000,chevrolet,door,2017,clean vehicle,67620,black,  1gnskbkc6hr132085
712,31500,chevrolet,1500,2017,clean vehicle,59965,black,  3gcuktec6hg222226
713,34500,chevrolet,1500,2017,clean vehicle,28739,silver,  3gcuksec3hg222744
714,8000,chevrolet,trax,2016,clean vehicle,77429,silver,  kl7cjpsb3gb750120
715,25000,chevrolet,1500,2017,clean vehicle,20847,white,  3gcukrec6hg356561
716,10700,chevrolet,trax,2016,clean vehicle,44280,red,  3gncjnsb1gl264970
717,13400,chevrolet,door,2016,clean vehicle,86031,silver,  2g1145s39g9185641
718,16500,chevrolet,equinox,2019,clean vehicle,7622,gold,  2gnaxhev8k6108774
719,34000,chevrolet,traverse,2019,clean vehicle,8067,white,  1gnevhkw9kj129253
720,14100,chevrolet,trax,2018,clean vehicle,16502,white,  kl7cjpsbxjb710284
721,38600,chevrolet,1500,2019,clean vehicle,20681,black,  1gcuyged0kz114660
722,9100,chevrolet,door,2016,clean vehicle,54655,blue,  1g1pe5sb4g7168780
723,8600,chevrolet,door,2016,clean vehicle,57825,blue,  1g1pe5sb1g7193233
724,22000,chevrolet,door,2016,clean vehicle,58856,white,  3gcpcrec6gg235750
725,8900,chevrolet,colorado,2015,clean vehicle,85072,white,  1gchsaea3f1218425
726,15500,chevrolet,door,2015,clean vehicle,79506,red,  1gcrcpehxfz272176
727,3300,chevrolet,door,2015,clean vehicle,85301,silver,  1g1pg5sbxf7249436
728,29000,chevrolet,1500,2015,clean vehicle,69377,brown,  3gcuksej3fg195122
729,17300,chevrolet,equinox,2020,clean vehicle,15577,black,  3gnaxkev2ll125886
730,30500,chevrolet,traverse,2020,clean vehicle,23470,silver,  1gnerhkw7lj115518
731,25000,chevrolet,impala,2020,clean vehicle,18715,silver,  1g1105s31lu100901
732,2800,chevrolet,cruze,2012,clean vehicle,61258,white,  1g1pl5sc7c7367895
733,3300,chevrolet,door,2012,clean vehicle,131791,no_color,  1gnkvjedxcj172991
734,36400,chevrolet,suburban,2019,clean vehicle,35705,silver,  1gnskhkcxkr139079
735,34800,chevrolet,suburban,2019,clean vehicle,48982,silver,  1gnskhkc2kr158368
736,20700,chevrolet,ld,2019,clean vehicle,33745,white,  2gcrcpec4k1155751
737,32200,chevrolet,suburban,2019,clean vehicle,42267,silver,  1gnschkc9kr204131
738,35300,chevrolet,tahoe,2019,clean vehicle,46863,black,  1gnskbkc9kr143993
739,33500,chevrolet,suburban,2019,clean vehicle,36443,white,  1gnschkc2kr124931
740,13700,chevrolet,impala,2019,clean vehicle,14939,blue,  2g11z5s30k9137729
741,15900,chevrolet,malibu,2019,clean vehicle,22026,black,  1g1zd5st0kf187281
742,33200,chevrolet,suburban,2019,clean vehicle,38278,black,  1gnschkc9kr201844
743,35500,chevrolet,suburban,2019,clean vehicle,46149,silver,  1gnskhkc1kr203879
744,29800,chevrolet,suburban,2018,clean vehicle,48427,silver,  1gnschkc6jr106222
745,29800,chevrolet,suburban,2018,clean vehicle,48807,gray,  1gnschkc1jr387653
746,29500,chevrolet,suburban,2018,clean vehicle,52618,silver,  1gnschkc1jr235923
747,30300,chevrolet,suburban,2018,clean vehicle,46494,white,  1gnschkc5jr280816
748,24300,chevrolet,1500,2018,clean vehicle,56296,black,  3gcukreh2jg284677
749,29800,chevrolet,suburban,2017,clean vehicle,33909,silver,  1gnschkc4hr206149
750,29800,chevrolet,suburban,2017,clean vehicle,33028,white,  1gnschkc3hr133923
751,27500,chevrolet,camaro,2016,clean vehicle,44653,white,  1g1fh1r79g0149647
752,10800,chevrolet,door,2017,clean vehicle,80516,gray,  2gnfleek2h6351253
753,11500,chevrolet,van,2017,clean vehicle,105151,white,  1gcwgaff8h1120366
754,10400,chevrolet,van,2017,clean vehicle,78368,white,  3n63m0yn6hk696088
755,11400,chevrolet,equinox,2018,clean vehicle,78956,white,  2gnaxsevxj6292207
756,11400,chevrolet,equinox,2018,clean vehicle,88564,white,  2gnaxsev1j6218321
757,8000,chevrolet,door,2015,clean vehicle,78800,white,  1g11b5sl5ff135735
758,3000,chevrolet,door,2012,clean vehicle,111856,white,  1gccsbf92c8121126
759,25000,chevrolet,door,2015,clean vehicle,80946,black,  3gcuksec6fg382971
760,12300,chevrolet,traverse,2017,clean vehicle,83168,gray,  1gnkrfed3hj217603
761,14100,chevrolet,traverse,2017,clean vehicle,58606,white,  1gnkrfed7hj307708
762,9000,chevrolet,van,2014,clean vehicle,82020,white,  1gcsgafx9e1173192
763,4200,chevrolet,door,2014,clean vehicle,102500,black,  1g1p75sz3e7332279
764,22500,chevrolet,van,2019,clean vehicle,8150,white,  1gcwgafg5k1229335
765,22600,chevrolet,van,2019,clean vehicle,6159,white,  1gcwgafg1k1229638
766,22600,chevrolet,van,2019,clean vehicle,5938,white,  1gcwgafg2k1222357
767,22500,chevrolet,van,2019,clean vehicle,9019,white,  1gcwgafg3k1232427
768,10200,chevrolet,malibu,2018,clean vehicle,45836,white,  1g1zd5stxjf175198
769,42700,chevrolet,3500,2016,clean vehicle,60215,white,  1gc4k1e88gf118806
770,21200,chevrolet,tahoe,2015,clean vehicle,125507,white,  1gnscckc9fr715640
771,22700,chevrolet,door,2016,clean vehicle,90944,white,  1gnscbkc6gr432916
772,22000,chevrolet,tahoe,2015,clean vehicle,82785,gray,  1gnscakc0fr161697
773,9600,chevrolet,1500,2014,clean vehicle,150525,white,  3gcpcpeh2eg231868
774,10500,chevrolet,door,2013,clean vehicle,112267,silver,  1gcrcrea5dz179299
775,6700,chevrolet,door,2013,clean vehicle,139394,white,  1gb3czcg3df161404
776,14200,chevrolet,door,2013,clean vehicle,82543,black,  3gcpcse09dg282246
777,15500,chevrolet,equinox,2019,clean vehicle,13532,white,  2gnaxkev1k6296972
778,35100,chevrolet,1500,2018,clean vehicle,14751,blue,  3gcukrec2jg216609
779,26300,chevrolet,camaro,2018,clean vehicle,11150,gray,  1g1fb1rx5j0103693
780,15700,chevrolet,colorado,2016,clean vehicle,91248,white,  1gcgtce36g1387412
781,17600,chevrolet,1500,2016,clean vehicle,65336,white,  1gcvkneh3gz336629
782,18600,chevrolet,1500,2016,clean vehicle,48974,white,  1gcvkneh7gz158854
783,19100,chevrolet,1500,2016,clean vehicle,40011,white,  1gcvkneh1gz235878
784,15200,chevrolet,equinox,2019,clean vehicle,37444,black,  2gnaxkev2k6183550
785,16100,chevrolet,equinox,2019,clean vehicle,43199,white,  2gnaxuev0k6196714
786,14800,chevrolet,equinox,2019,clean vehicle,43589,charcoal,  2gnaxkevxk6199639
787,16700,chevrolet,equinox,2019,clean vehicle,32870,charcoal,  2gnaxuev8k6190062
788,15300,chevrolet,equinox,2019,clean vehicle,38826,charcoal,  2gnaxkev7k6197637
789,16500,chevrolet,equinox,2019,clean vehicle,33739,charcoal,  2gnaxuev3k6169765
790,19600,chevrolet,passenger,2019,clean vehicle,35309,white,  1gazgpfgxk1197071
791,15200,chevrolet,impala,2019,clean vehicle,32248,red,  1g11z5sa4ku113760
792,15000,chevrolet,impala,2019,clean vehicle,36165,silver,  1g11z5sa7ku117222
793,15500,chevrolet,impala,2019,clean vehicle,29922,charcoal,  2g11z5saxk9120208
794,15700,chevrolet,impala,2019,clean vehicle,26848,silver,  2g11z5sa5k9140950
795,14800,chevrolet,impala,2019,clean vehicle,41163,charcoal,  2g11z5sa8k9139310
796,9200,chevrolet,cruze,2017,clean vehicle,32856,red,  3g1be6sm0hs561566
797,8200,chevrolet,impala,2017,clean vehicle,100315,black,  1g1105sa9hu160835
798,11400,chevrolet,door,2013,clean vehicle,91638,silver,  1gc2kvcg8dz256073
799,6500,chevrolet,door,2015,clean vehicle,83173,white,  1g11c5sl0ff208474
800,11500,chevrolet,door,2014,clean vehicle,94356,gray,  1gnkvgkd3ej113338
801,23800,chevrolet,door,2015,clean vehicle,85792,black,  1gnscbkc0fr109217
802,8900,chevrolet,door,2014,clean vehicle,129068,white,  1gnkrgkd3ej285342
803,28300,chevrolet,ld,2019,clean vehicle,27665,red,  2gcvkpec1k1124569
804,27300,chevrolet,ld,2019,clean vehicle,25427,black,  2gcvkpec4k1105269
805,3500,chevrolet,door,2013,clean vehicle,78198,gray,  1g11c5saxdf350889
806,28300,chevrolet,colorado,2020,clean vehicle,13886,silver,  1gcgtcen7l1101496
807,18300,chevrolet,impala,2019,clean vehicle,34538,silver,  2g11z5s37k9134455
808,22500,dodge,charger,2018,clean vehicle,20575,silver,  2c3cdxjg1jh292507
809,22500,dodge,charger,2018,clean vehicle,26026,gray,  2c3cdxjg4jh292503
810,8300,dodge,door,2012,clean vehicle,99015,gray,  1c6rd7ft0cs326533
811,16500,dodge,caravan,2019,clean vehicle,27327,gray,  2c4rdgeg4kr682965
812,14500,dodge,journey,2019,clean vehicle,30229,silver,  3c4pdcgg9kt700676
813,30000,dodge,charger,2019,clean vehicle,43294,white,  2c3cdxjg2kh630921
814,30000,dodge,charger,2019,clean vehicle,54309,orange,  2c3cdxjg0kh682158
815,30000,dodge,charger,2019,clean vehicle,52822,white,  2c3cdxjg2kh658962
816,30000,dodge,charger,2019,clean vehicle,45554,white,  2c3cdxjg1kh630912
817,30000,dodge,charger,2019,clean vehicle,37538,white,  2c3cdxjg1kh658953
818,29500,dodge,charger,2019,clean vehicle,35153,red,  2c3cdxjg6kh630954
819,21600,dodge,challenger,2019,clean vehicle,23783,white,  2c3cdzgg2kh594165
820,22600,dodge,charger,2019,clean vehicle,30759,black,  2c3cdxhg2kh608648
821,16300,dodge,caravan,2019,clean vehicle,38922,gray,  2c4rdgcg5kr518563
822,8600,dodge,door,2012,clean vehicle,165836,blue,  1c6rd7ht8cs279667
823,28800,dodge,durango,2019,clean vehicle,19235,no_color,  1c4rdhdg4kc769457
824,22100,dodge,challenger,2019,clean vehicle,9445,gray,  2c3cdzag4kh686869
825,14300,dodge,journey,2018,clean vehicle,19164,gray,  3c4pdcab2jt216649
826,13700,dodge,caravan,2018,clean vehicle,54106,white,  2c4rdgeg6jr205887
827,29500,dodge,challenger,2017,clean vehicle,32051,no_color,  2c3cdzfj5hh650508
828,18500,dodge,journey,2017,clean vehicle,14870,gray,  3c4pddeg4ht608652
829,19000,dodge,door,2016,clean vehicle,32294,blue,  2c3cdxjg0gh303988
830,43400,dodge,challenger,2015,clean vehicle,7250,white,  2c3cdzc99fh713682
831,46000,dodge,challenger,2015,clean vehicle,10145,no_color,  2c3cdzfj8fh877821
832,12500,dodge,journey,2018,clean vehicle,59924,silver,  3c4pdcgg1jt257213
833,13900,dodge,charger,2017,clean vehicle,21304,black,  2c3cdxbg5hh642083
834,13000,dodge,caravan,2018,clean vehicle,52079,white,  2c4rdgegxjr339012
835,13000,dodge,caravan,2018,clean vehicle,54960,white,  2c4rdgcg2jr205677
836,3000,dodge,door,2013,clean vehicle,80099,white,  1c3cdzcb6dn599101
837,17500,dodge,caravan,2019,clean vehicle,23987,black,  2c4rdgcgxkr751032
838,7900,dodge,door,2017,clean vehicle,84144,gray,  3c4pdcbg0ht518476
839,8900,dodge,door,2014,clean vehicle,85639,blue,  2c3cdxbg5eh300547
840,11500,dodge,caravan,2018,clean vehicle,50193,no_color,  2c4rdgcg8jr208468
841,6500,dodge,journey,2017,clean vehicle,74392,black,  3c4pdcab8ht507652
842,8000,dodge,door,2017,clean vehicle,76117,black,  3c4pdcgb7ht525941
843,18700,dodge,challenger,2018,clean vehicle,36358,gray,  2c3cdzag5jh245542
844,8350,dodge,journey,2017,clean vehicle,90685,white,  3c4pddbg6ht592197
845,27900,dodge,charger,2017,clean vehicle,54141,orange,  2c3cdxctxhh618731
846,14500,dodge,door,2016,clean vehicle,82240,white,  1c4rdjag5gc486469
847,6200,dodge,door,2016,clean vehicle,66167,silver,  1c3cdfbb6gd515496
848,7500,dodge,door,2012,clean vehicle,144220,gray,  1c6rd7ft6cs238912
849,20200,dodge,caravan,2019,clean vehicle,24722,black,  2c4rdgdg0kr571878
850,29300,dodge,durango,2019,clean vehicle,41198,silver,  1c4sdjct2kc576022
851,31000,dodge,durango,2019,clean vehicle,26353,black,  1c4sdjct5kc738497
852,32400,dodge,durango,2019,clean vehicle,28280,white,  1c4sdjctxkc691872
853,5800,dodge,door,2012,clean vehicle,130120,white,  3c6jd6dtxcg183219
854,21500,dodge,charger,2019,clean vehicle,15340,black,  2c3cdxbg8kh658222
855,23100,dodge,charger,2018,clean vehicle,12265,silver,  2c3cdxjgxjh222262
856,4500,dodge,van,2014,clean vehicle,94872,gray,  2c4rdgcg3er266428
857,24800,dodge,charger,2018,clean vehicle,17946,silver,  2c3cdxjg6jh182178
858,23000,dodge,charger,2018,clean vehicle,26996,gray,  2c3cdxjg7jh189253
859,26900,dodge,journey,2019,clean vehicle,5775,gray,  3c4pddbg3kt708835
860,21500,dodge,challenger,2018,clean vehicle,6748,gray,  2c3cdzag8jh321934
861,15700,dodge,journey,2018,clean vehicle,38128,white,  3c4pdcgg2jt378879
862,15200,dodge,caravan,2018,clean vehicle,41636,silver,  2c4rdgcg8jr327542
863,23300,dodge,charger,2018,clean vehicle,5359,blue,  2c3cdxbgxjh273288
864,6100,dodge,door,2015,clean vehicle,70296,white,  1c3cdfbb3fd213551
865,20000,dodge,journey,2017,clean vehicle,11346,green,  3c4pddgg6ht556180
866,53000,dodge,challenger,2017,clean vehicle,7415,no_color,  2c3cdzc98hh553913
867,3000,dodge,door,2013,clean vehicle,107593,orange,  1c3cdfcb9dd329946
868,18200,dodge,door,2016,clean vehicle,50639,black,  2c3cdxct3gh355660
869,21800,dodge,challenger,2019,clean vehicle,6530,gray,  2c3cdzbt8kh705158
870,52000,dodge,charger,2016,clean vehicle,17432,blue,  2c3cdxl92gh285329
871,19000,dodge,charger,2019,clean vehicle,19636,black,  2c3cdxhg6kh598321
872,25000,dodge,challenger,2016,clean vehicle,41748,no_color,  2c3cdzbt4gh325869
873,36000,dodge,challenger,2016,clean vehicle,13162,red,  2c3cdzfj8gh351982
874,17000,dodge,caravan,2019,clean vehicle,32937,white,  2c4rdgegxkr599122
875,25300,dodge,door,2015,clean vehicle,23095,red,  1c4rdjeg3fc112029
876,14900,dodge,journey,2017,clean vehicle,34432,gray,  3c4pddeg9ht565166
877,15000,dodge,caravan,2017,clean vehicle,48162,no_color,  2c4rdgeg8hr632871
878,12995,dodge,doors,2014,clean vehicle,68310,gray,  2c3cdyag9eh126828
879,17750,dodge,doors,2014,clean vehicle,48000,black,  2c3cdybt2eh298212
880,10295,dodge,doors,2014,clean vehicle,105962,black,  2c3cdyag3eh213138
881,16995,dodge,doors,2014,clean vehicle,96575,gray,  2c3cdybt3eh136783
882,25000,dodge,doors,2014,clean vehicle,13239,toreador red,  2c3cdybt5eh217218
883,23995,dodge,doors,2014,clean vehicle,24934,bright white clearcoat,  2c3cdybt3eh115268
884,14900,dodge,doors,2014,clean vehicle,46859,billet silver metallic clearcoat,  2c3cdyag6eh133624
885,15810,dodge,doors,2014,clean vehicle,44468,black clearcoat,  2c3cdyag9eh313809
886,20227,dodge,doors,2014,clean vehicle,62230,jazz blue pearlcoat,  2c3cdybt1eh270465
887,20999,dodge,doors,2014,clean vehicle,37082,silver,  2c3cdybt9eh247614
888,22499,dodge,doors,2014,clean vehicle,23964,bright white clearcoat,  2c3cdybt9eh143592
889,23495,dodge,doors,2014,clean vehicle,11204,black clearcoat,  2c3cdyag1eh311262
890,25250,dodge,doors,2014,clean vehicle,7608,billet silver metallic clearcoat,  2c3cdybt6eh111229
891,15322,dodge,doors,2014,clean vehicle,49982,billet silver metallic clearcoat,  2c3cdyag3eh251064
892,21232,dodge,charger,2019,clean vehicle,4950,gray,  2c3cdxbgxkh707467
893,5800,dodge,journey,2013,clean vehicle,111628,white,  3c4pddfg9dt523590
894,29000,dodge,door,2012,clean vehicle,15927,black,  2c3cdxej6ch170654
895,17000,dodge,caravan,2018,clean vehicle,36299,gray,  2c4rdgeg5jr147562
896,13800,dodge,journey,2018,clean vehicle,28469,red,  3c4pdcgg9jt352215
897,30000,dodge,durango,2019,clean vehicle,29086,gray,  1c4sdhct3kc769532
898,14800,dodge,caravan,2017,clean vehicle,35991,gray,  2c4rdgeg1hr716871
899,8500,dodge,journey,2017,clean vehicle,62224,black,  3c4pdcabxht695526
900,9800,dodge,door,2013,clean vehicle,86500,white,  1c4rdjdg3dc674852
901,4200,dodge,door,2014,clean vehicle,144725,gray,  2c3cdxbg3eh170784
902,2500,dodge,van,2013,salvage insurance,163260,red,  2c4rdgbg8dr566594
903,28700,dodge,charger,2018,clean vehicle,19636,blue,  2c3cdxct8jh197730
904,18500,dodge,challenger,2018,clean vehicle,34272,gray,  2c3cdzag4jh302832
905,17300,dodge,challenger,2018,clean vehicle,42909,no_color,  2c3cdzag3jh242672
906,7100,dodge,door,2016,clean vehicle,55749,gray,  3c4pdcab7gt103739
907,3250,dodge,door,2015,salvage insurance,89142,white,  1c3cdfbb5fd213552
908,30700,dodge,durango,2017,clean vehicle,20328,no_color,  1c4sdhctxhc936557
909,3000,dodge,door,2012,clean vehicle,149332,gray,  3c4pdcdg6ct146745
910,26500,dodge,durango,2019,clean vehicle,28551,gray,  1c4rdjdgxkc744523
911,20800,dodge,charger,2019,clean vehicle,35098,gray,  2c3cdxhgxkh527140
912,20800,dodge,charger,2019,clean vehicle,35365,gray,  2c3cdxjg8kh527857
913,5100,dodge,door,2015,clean vehicle,88398,white,  1c3cdfaa2fd144750
914,18900,dodge,challenger,2019,clean vehicle,27957,black,  2c3cdzggxkh532268
915,24000,dodge,durango,2019,clean vehicle,30161,silver,  1c4rdhdg3kc769255
916,38800,dodge,challenger,2015,clean vehicle,26292,white,  2c3cdzc90fh834388
917,24500,dodge,durango,2019,clean vehicle,25780,white,  1c4rdhdg1kc557017
918,24500,dodge,durango,2019,clean vehicle,25032,black,  1c4rdhdg3kc675893
919,6500,dodge,door,2016,clean vehicle,72248,blue,  1c3cdfbb8gd766472
920,24000,dodge,durango,2019,clean vehicle,30630,gray,  1c4rdhdg7kc675959
921,18000,dodge,door,2014,clean vehicle,86125,no_color,  1c4rdjeg3ec591566
922,24000,dodge,durango,2019,clean vehicle,30408,white,  1c4rdhdg6kc557000
923,23500,dodge,durango,2019,clean vehicle,35443,silver,  1c4rdhdg0kc557042
924,4500,dodge,van,2014,clean vehicle,95377,white,  2c4rdgcg9er400696
925,25900,dodge,durango,2019,clean vehicle,32724,silver,  1c4rdjdg6kc684983
926,13900,dodge,caravan,2019,clean vehicle,45089,gray,  2c4rdgcg3kr514530
927,14200,dodge,journey,2019,clean vehicle,35948,silver,  3c4pdcgg4kt707549
928,15400,dodge,caravan,2019,clean vehicle,41601,blue,  2c4rdgeg5kr563175
929,17500,dodge,challenger,2019,clean vehicle,26370,gray,  2c3cdzagxkh583746
930,17500,dodge,caravan,2019,clean vehicle,18271,white,  2c4rdgcg1kr761805
931,18000,dodge,caravan,2019,clean vehicle,9476,white,  2c4rdgcg3kr753690
932,25200,dodge,door,2012,clean vehicle,80899,gray,  3c6ud5dl9cg338415
933,14100,dodge,caravan,2018,clean vehicle,57394,black,  2c4rdgeg5jr337118
934,13300,dodge,caravan,2018,clean vehicle,42190,white,  2c4rdgcg3jr364854
935,16200,dodge,caravan,2019,clean vehicle,22591,black,  2c4rdgbgxkr624069
936,13300,dodge,caravan,2018,clean vehicle,48681,gray,  2c4rdgegxjr331914
937,13100,dodge,caravan,2018,clean vehicle,42621,silver,  2c4rdgcg0jr241626
938,15500,dodge,caravan,2017,clean vehicle,27761,silver,  2c4rdgeg9hr852858
939,4500,dodge,door,2013,salvage insurance,107768,white,  2c3cdyag9dh607919
940,28400,dodge,durango,2019,clean vehicle,14355,gray,  1c4rdjdg7kc780041
941,17400,dodge,caravan,2019,clean vehicle,9467,gray,  2c4rdgcgxkr747353
942,6000,dodge,door,2014,clean vehicle,122837,silver,  2c3cdxbg1eh268115
943,20700,dodge,challenger,2019,clean vehicle,18313,gray,  2c3cdzag9kh642088
944,20300,dodge,challenger,2019,clean vehicle,19506,black,  2c3cdzag1kh656275
945,14000,dodge,journey,2018,clean vehicle,14750,black,  3c4pdcbb1jt319818
946,22000,dodge,challenger,2019,clean vehicle,11280,green,  2c3cdzgg5kh709017
947,17200,dodge,journey,2019,clean vehicle,13944,blue,  3c4pdcgg2kt803633
948,15000,dodge,door,2016,clean vehicle,26922,blue,  2c3cdzag4gh309689
949,17500,dodge,journey,2019,clean vehicle,12690,gray,  3c4pdcgg0kt809995
950,1300,dodge,door,2013,salvage insurance,239822,gray,  1c3cdzcb5dn552741
951,1750,dodge,door,2014,salvage insurance,74975,red,  1c3cdfbaxed815126
952,16300,dodge,caravan,2019,clean vehicle,28289,red,  2c4rdgeg0kr557123
953,15700,dodge,caravan,2019,clean vehicle,38041,red,  2c4rdgeg9kr529238
954,10000,dodge,journey,2017,clean vehicle,52386,silver,  3c4pdcab0ht524414
955,23100,dodge,charger,2019,clean vehicle,34391,white,  2c3cdxct7kh608441
956,14900,dodge,caravan,2019,clean vehicle,39515,red,  2c4rdgcg9kr578507
957,16700,dodge,journey,2019,clean vehicle,22074,orange,  3c4pdcgg0kt783155
958,16300,dodge,caravan,2019,clean vehicle,28782,white,  2c4rdgeg6kr578882
959,25800,dodge,durango,2019,clean vehicle,30092,red,  1c4rdjdg5kc733915
960,23800,dodge,challenger,2019,clean vehicle,26443,black,  2c3cdzbt4kh578392
961,16800,dodge,journey,2019,clean vehicle,28981,red,  3c4pddeg4kt738776
962,15500,dodge,journey,2019,clean vehicle,32865,white,  3c4pdceg4kt716822
963,6000,dodge,door,2014,clean vehicle,117258,blue,  2c3cdxbg9eh266032
964,26900,dodge,durango,2019,clean vehicle,16397,white,  1c4rdjdg2kc780335
965,16900,dodge,caravan,2019,clean vehicle,16176,white,  2c4rdgeg7kr743175
966,19500,dodge,caravan,2019,clean vehicle,1091,gray,  2c4rdgcg0kr798456
967,15400,dodge,caravan,2019,clean vehicle,17472,black,  2c4rdgcg3kr747548
968,2300,dodge,door,2012,clean vehicle,123882,white,  1c3cdzag7cn309641
969,17000,dodge,charger,2019,clean vehicle,10341,red,  2c3cdxbg0kh753132
970,34000,dodge,durango,2019,clean vehicle,19695,black,  1c4sdjet3kc625404
971,13700,dodge,journey,2017,clean vehicle,51041,black,  3c4pddgg5ht702827
972,19100,dodge,challenger,2018,clean vehicle,22646,white,  2c3cdzag1jh288453
973,11800,dodge,journey,2018,clean vehicle,18138,white,  3c4pdcab0jt444388
974,27500,dodge,durango,2019,clean vehicle,23987,gray,  1c4rdjdg6kc701149
975,26900,dodge,durango,2019,clean vehicle,17160,black,  1c4rdjdg6kc770276
976,27100,dodge,durango,2019,clean vehicle,26929,white,  1c4rdjdgxkc770197
977,27200,dodge,durango,2019,clean vehicle,25815,white,  1c4rdjdg5kc744770
978,9000,dodge,caravan,2017,clean vehicle,81992,silver,  2c4rdgcg9hr818437
979,22500,dodge,challenger,2019,clean vehicle,5000,gray,  2c3cdzag6kh668955
980,7700,dodge,door,2015,clean vehicle,62683,white,  1c3cdfcb9fd102064
981,4500,dodge,van,2013,clean vehicle,107224,white,  2c4rdgbg6dr505681
982,2200,dodge,door,2013,salvage insurance,184905,gray,  3c4pddbg6dt605945
983,21500,dodge,charger,2019,clean vehicle,35153,black,  2c3cdxhg6kh611276
984,18800,dodge,challenger,2019,clean vehicle,26474,orange,  2c3cdzag9kh617109
985,21800,dodge,charger,2019,clean vehicle,30943,red,  2c3cdxhg0kh608762
986,20300,dodge,challenger,2019,clean vehicle,17154,black,  2c3cdzgg1kh712965
987,8200,dodge,van,2016,clean vehicle,79637,white,  2c4rdgcg4gr384748
988,19000,dodge,caravan,2019,clean vehicle,12123,red,  2c4rdgeg1kr664259
989,8400,dodge,door,2016,clean vehicle,107822,blue,  2c3cdxhg4gh237287
990,19500,dodge,caravan,2019,clean vehicle,10221,blue,  2c4rdgeg2kr724727
991,7000,dodge,door,2015,clean vehicle,95278,blue,  3c4pdcab4ft518015
992,19500,dodge,challenger,2019,clean vehicle,13457,gray,  2c3cdzag2kh656320
993,8500,dodge,van,2014,clean vehicle,69936,blue,  2c4rdgbg3er453122
994,20500,dodge,challenger,2019,clean vehicle,13520,gray,  2c3cdzgg0kh702489
995,4900,dodge,door,2014,clean vehicle,96922,silver,  1c3cdfbb6ed862064
996,20800,dodge,door,2014,clean vehicle,72594,black,  1c4sdjct7ec971656
997,28500,dodge,durango,2019,clean vehicle,17896,silver,  1c4rdjdg3kc827484
998,21900,dodge,caravan,2019,clean vehicle,11088,silver,  2c4rdgegxkr786263
999,15800,dodge,caravan,2019,clean vehicle,29567,black,  2c4rdgeg6kr623139
1000,33000,dodge,durango,2019,clean vehicle,15655,white,  1c4sdjct2kc683796